id,title,description,availability,condition,price,link,image_link,brand,product_type,custom_label_0
DG99-3225,Lagarde Set x6 botellas Malbec — 16.900 puntos,Lagarde Set x6 botellas Malbec,in stock,new,1.00 ARS,https://www.americanexpress.com/es-ar/rewards/membership-rewards/award/Lagarde/DG99-3225/DG99-3225,https://www.americanexpress.com/es-ar/rewards/membership-rewards/getcatalogimage.mtw?productid=34605315&catalogid=132097&languageid=es_ar&imagetype=master1,Lagarde,Bebidas,16.900 puntos
DG99-3226,Johnnie Walker Whisky Double black 750ml — 17.700 puntos,Johnnie Walker Whisky Double black 750ml,in stock,new,1.00 ARS,https://www.americanexpress.com/es-ar/rewards/membership-rewards/award/Johnnie-Walker/DG99-3226/DG99-3226,https://www.americanexpress.com/es-ar/rewards/membership-rewards/getcatalogimage.mtw?productid=34605571&catalogid=132097&languageid=es_ar&imagetype=master1,Johnnie Walker,Bebidas,17.700 puntos
DG99-3209,Stanley Mug Aerolight 473ml — 18.600 puntos,Stanley Mug Aerolight 473ml,in stock,new,1.00 ARS,https://www.americanexpress.com/es-ar/rewards/membership-rewards/award/Stanley/DG99-3209/DG99-3209,https://www.americanexpress.com/es-ar/rewards/membership-rewards/getcatalogimage.mtw?productid=34440963&catalogid=132097&languageid=es_ar&imagetype=master1,Stanley,Bebidas,18.600 puntos
DG99-3228,Johnnie Walker Whisky Green 750ml — 19.400 puntos,Johnnie Walker Whisky Green 750ml,in stock,new,1.00 ARS,https://www.americanexpress.com/es-ar/rewards/membership-rewards/award/Johnnie-Walker/DG99-3228/DG99-3228,https://www.americanexpress.com/es-ar/rewards/membership-rewards/getcatalogimage.mtw?productid=34606083&catalogid=132097&languageid=es_ar&imagetype=master1,Johnnie Walker,Bebidas,19.400 puntos
DG99-3230,Johnnie Walker Whisky Blue Label 750ml — 20.100 puntos,Johnnie Walker Whisky Blue Label 750ml,in stock,new,1.00 ARS,https://www.americanexpress.com/es-ar/rewards/membership-rewards/award/Johnnie-Walker/DG99-3230/DG99-3230,https://www.americanexpress.com/es-ar/rewards/membership-rewards/getcatalogimage.mtw?productid=34606595&catalogid=132097&languageid=es_ar&imagetype=master1,Johnnie Walker,Bebidas,20.100 puntos
DG99-3265,Lagarde Setx6 botellas Primeras Viñas — 56.700 puntos,Lagarde Setx6 botellas Primeras Viñas,in stock,new,1.00 ARS,https://www.americanexpress.com/es-ar/rewards/membership-rewards/award/Lagarde/DG99-3265/DG99-3265,https://www.americanexpress.com/es-ar/rewards/membership-rewards/getcatalogimage.mtw?productid=34671107&catalogid=132097&languageid=es_ar&imagetype=master1,Lagarde,Bebidas,56.700 puntos
DG99-3111,Nespresso Essenza Mini White C — 73.000 puntos,Nespresso Essenza Mini White C,in stock,new,1.00 ARS,https://www.americanexpress.com/es-ar/rewards/membership-rewards/award/Nespresso/DG99-3111/DG99-3111,https://www.americanexpress.com/es-ar/rewards/membership-rewards/getcatalogimage.mtw?productid=34272771&catalogid=132097&languageid=es_ar&imagetype=master1,Nespresso,Bebidas,73.000 puntos
DG99-3232, — 21.000 puntos,,in stock,new,1.00 ARS,https://www.americanexpress.com/es-ar/rewards/membership-rewards/award/Black-Decker/DG99-3232/DG99-3232,https://www.americanexpress.com/es-ar/rewards/membership-rewards/getcatalogimage.mtw?productid=34607107&catalogid=132097&languageid=es_ar&imagetype=master1,,Bebidas,21.000 puntos
DG99-3256, — 36.800 puntos,,in stock,new,1.00 ARS,https://www.americanexpress.com/es-ar/rewards/membership-rewards/award/Black-Decker/DG99-3256/DG99-3256,https://www.americanexpress.com/es-ar/rewards/membership-rewards/getcatalogimage.mtw?productid=34668803&catalogid=132097&languageid=es_ar&imagetype=master1,,Bebidas,36.800 puntos
DG99-3263, — 53.600 puntos,,in stock,new,1.00 ARS,https://www.americanexpress.com/es-ar/rewards/membership-rewards/award/Black-Decker/DG99-3263/DG99-3263,https://www.americanexpress.com/es-ar/rewards/membership-rewards/getcatalogimage.mtw?productid=34670595&catalogid=132097&languageid=es_ar&imagetype=master1,,Bebidas,53.600 puntos
DG99-3262, — 49.500 puntos,,in stock,new,1.00 ARS,https://www.americanexpress.com/es-ar/rewards/membership-rewards/award/Delsey/DG99-3262/DG99-3262,https://www.americanexpress.com/es-ar/rewards/membership-rewards/getcatalogimage.mtw?productid=34670339&catalogid=132097&languageid=es_ar&imagetype=master1,,Bebidas,49.500 puntos
DG99-3216,Peabody Pava eléctrica Peabody — 13.600 puntos,Peabody Pava eléctrica Peabody,in stock,new,1.00 ARS,https://www.americanexpress.com/es-ar/rewards/membership-rewards/award/Peabody/DG99-3216/DG99-3216,https://www.americanexpress.com/es-ar/rewards/membership-rewards/getcatalogimage.mtw?productid=34442755&catalogid=132097&languageid=es_ar&imagetype=master1,Peabody,Coffee Break,13.600 puntos
DG99-3222,Black & Decker Cafetera de filtro — 16.200 puntos,Black & Decker Cafetera de filtro,in stock,new,1.00 ARS,https://www.americanexpress.com/es-ar/rewards/membership-rewards/award/Black-Decker/DG99-3222/DG99-3222,https://www.americanexpress.com/es-ar/rewards/membership-rewards/getcatalogimage.mtw?productid=34604547&catalogid=132097&languageid=es_ar&imagetype=master1,Black & Decker,Coffee Break,16.200 puntos
DG99-3234,Stanley Mate Stanley Negro — 23.600 puntos,Stanley Mate Stanley Negro,in stock,new,1.00 ARS,https://www.americanexpress.com/es-ar/rewards/membership-rewards/award/Stanley/DG99-3234/DG99-3234,https://www.americanexpress.com/es-ar/rewards/membership-rewards/getcatalogimage.mtw?productid=34607619&catalogid=132097&languageid=es_ar&imagetype=master1,Stanley,Coffee Break,23.600 puntos
DG99-3236,Stanley Travel Mug Café To Go 236ml — 24.300 puntos,Stanley Travel Mug Café To Go 236ml,in stock,new,1.00 ARS,https://www.americanexpress.com/es-ar/rewards/membership-rewards/award/Stanley/DG99-3236/DG99-3236,https://www.americanexpress.com/es-ar/rewards/membership-rewards/getcatalogimage.mtw?productid=34608131&catalogid=132097&languageid=es_ar&imagetype=master1,Stanley,Coffee Break,24.300 puntos
DG99-3237,Stanley Termo de Alimentos 354 ml — 26.400 puntos,Stanley Termo de Alimentos 354 ml,in stock,new,1.00 ARS,https://www.americanexpress.com/es-ar/rewards/membership-rewards/award/Stanley/DG99-3237/DG99-3237,https://www.americanexpress.com/es-ar/rewards/membership-rewards/getcatalogimage.mtw?productid=34608387&catalogid=132097&languageid=es_ar&imagetype=master1,Stanley,Coffee Break,26.400 puntos
DG99-3240,Stanley Yerbera 500gr Negro — 28.400 puntos,Stanley Yerbera 500gr Negro,in stock,new,1.00 ARS,https://www.americanexpress.com/es-ar/rewards/membership-rewards/award/Stanley/DG99-3240/DG99-3240,https://www.americanexpress.com/es-ar/rewards/membership-rewards/getcatalogimage.mtw?productid=34591747&catalogid=132097&languageid=es_ar&imagetype=master1,Stanley,Coffee Break,28.400 puntos
DG99-3241,Stanley Mug Aerolight 591ml — 29.900 puntos,Stanley Mug Aerolight 591ml,in stock,new,1.00 ARS,https://www.americanexpress.com/es-ar/rewards/membership-rewards/award/Stanley/DG99-3241/DG99-3241,https://www.americanexpress.com/es-ar/rewards/membership-rewards/getcatalogimage.mtw?productid=34592003&catalogid=132097&languageid=es_ar&imagetype=master1,Stanley,Coffee Break,29.900 puntos
DG99-3244,Stanley Mug Everday 710ml — 31.000 puntos,Stanley Mug Everday 710ml,in stock,new,1.00 ARS,https://www.americanexpress.com/es-ar/rewards/membership-rewards/award/Stanley/DG99-3244/DG99-3244,https://www.americanexpress.com/es-ar/rewards/membership-rewards/getcatalogimage.mtw?productid=34608643&catalogid=132097&languageid=es_ar&imagetype=master1,Stanley,Coffee Break,31.000 puntos
DG99-3251,Stanley Vaso Quencher — 34.400 puntos,Stanley Vaso Quencher,in stock,new,1.00 ARS,https://www.americanexpress.com/es-ar/rewards/membership-rewards/award/Stanley/DG99-3251/DG99-3251,https://www.americanexpress.com/es-ar/rewards/membership-rewards/getcatalogimage.mtw?productid=34667523&catalogid=132097&languageid=es_ar&imagetype=master1,Stanley,Coffee Break,34.400 puntos
DG99-3253,Stanley Termo Clásico 950ml — 35.200 puntos,Stanley Termo Clásico 950ml,in stock,new,1.00 ARS,https://www.americanexpress.com/es-ar/rewards/membership-rewards/award/Stanley/DG99-3253/DG99-3253,https://www.americanexpress.com/es-ar/rewards/membership-rewards/getcatalogimage.mtw?productid=34668035&catalogid=132097&languageid=es_ar&imagetype=master1,Stanley,Coffee Break,35.200 puntos
DG99-3255,Stanley Vaso Quencher Protour Flip — 35.500 puntos,Stanley Vaso Quencher Protour Flip,in stock,new,1.00 ARS,https://www.americanexpress.com/es-ar/rewards/membership-rewards/award/Stanley/DG99-3255/DG99-3255,https://www.americanexpress.com/es-ar/rewards/membership-rewards/getcatalogimage.mtw?productid=34668547&catalogid=132097&languageid=es_ar&imagetype=master1,Stanley,Coffee Break,35.500 puntos
DG99-3257,Stanley Shaker Active 591ml — 37.900 puntos,Stanley Shaker Active 591ml,in stock,new,1.00 ARS,https://www.americanexpress.com/es-ar/rewards/membership-rewards/award/Stanley/DG99-3257/DG99-3257,https://www.americanexpress.com/es-ar/rewards/membership-rewards/getcatalogimage.mtw?productid=34669059&catalogid=132097&languageid=es_ar&imagetype=master1,Stanley,Coffee Break,37.900 puntos
DG99-3258,"Stanley Termo 1,4L Verde — 38.700 puntos","Stanley Termo 1,4L Verde",in stock,new,1.00 ARS,https://www.americanexpress.com/es-ar/rewards/membership-rewards/award/Stanley/DG99-3258/DG99-3258,https://www.americanexpress.com/es-ar/rewards/membership-rewards/getcatalogimage.mtw?productid=34669315&catalogid=132097&languageid=es_ar&imagetype=master1,Stanley,Coffee Break,38.700 puntos
DG99-3270,Nespresso Inissia Black Single — 63.200 puntos,Nespresso Inissia Black Single,in stock,new,1.00 ARS,https://www.americanexpress.com/es-ar/rewards/membership-rewards/award/Nespresso/DG99-3270/DG99-3270,https://www.americanexpress.com/es-ar/rewards/membership-rewards/getcatalogimage.mtw?productid=34588163&catalogid=132097&languageid=es_ar&imagetype=master1,Nespresso,Coffee Break,63.200 puntos
DG99-3277,Nespresso Inissia Black Bundle — 100.700 puntos,Nespresso Inissia Black Bundle,in stock,new,1.00 ARS,https://www.americanexpress.com/es-ar/rewards/membership-rewards/award/Nespresso/DG99-3277/DG99-3277,https://www.americanexpress.com/es-ar/rewards/membership-rewards/getcatalogimage.mtw?productid=34646275&catalogid=132097&languageid=es_ar&imagetype=master1,Nespresso,Coffee Break,100.700 puntos
DG99-3281,Nespresso Cafetera Citiz Silver — 104.100 puntos,Nespresso Cafetera Citiz Silver,in stock,new,1.00 ARS,https://www.americanexpress.com/es-ar/rewards/membership-rewards/award/Nespresso/DG99-3281/DG99-3281,https://www.americanexpress.com/es-ar/rewards/membership-rewards/getcatalogimage.mtw?productid=34647299&catalogid=132097&languageid=es_ar&imagetype=master1,Nespresso,Coffee Break,104.100 puntos
DG99-3282,Nespresso Citiz Black — 104.100 puntos,Nespresso Citiz Black,in stock,new,1.00 ARS,https://www.americanexpress.com/es-ar/rewards/membership-rewards/award/Nespresso/DG99-3282/DG99-3282,https://www.americanexpress.com/es-ar/rewards/membership-rewards/getcatalogimage.mtw?productid=34647555&catalogid=132097&languageid=es_ar&imagetype=master1,Nespresso,Coffee Break,104.100 puntos
DG99-3284,Nespresso Citiz Platinium Titanium — 110.700 puntos,Nespresso Citiz Platinium Titanium,in stock,new,1.00 ARS,https://www.americanexpress.com/es-ar/rewards/membership-rewards/award/Nespresso/DG99-3284/DG99-3284,https://www.americanexpress.com/es-ar/rewards/membership-rewards/getcatalogimage.mtw?productid=34648067&catalogid=132097&languageid=es_ar&imagetype=master1,Nespresso,Coffee Break,110.700 puntos
DG99-3286,Nespresso Citiz and Milk Black — 130.000 puntos,Nespresso Citiz and Milk Black,in stock,new,1.00 ARS,https://www.americanexpress.com/es-ar/rewards/membership-rewards/award/Nespresso/DG99-3286/DG99-3286,https://www.americanexpress.com/es-ar/rewards/membership-rewards/getcatalogimage.mtw?productid=34648579&catalogid=132097&languageid=es_ar&imagetype=master1,Nespresso,Coffee Break,130.000 puntos
DG99-3287,Nespresso Lattissima One Black — 142.600 puntos,Nespresso Lattissima One Black,in stock,new,1.00 ARS,https://www.americanexpress.com/es-ar/rewards/membership-rewards/award/Nespresso/DG99-3287/DG99-3287,https://www.americanexpress.com/es-ar/rewards/membership-rewards/getcatalogimage.mtw?productid=34648835&catalogid=132097&languageid=es_ar&imagetype=master1,Nespresso,Coffee Break,142.600 puntos
DG99-3288,Nespresso Lattissima One White — 142.600 puntos,Nespresso Lattissima One White,in stock,new,1.00 ARS,https://www.americanexpress.com/es-ar/rewards/membership-rewards/award/Nespresso/DG99-3288/DG99-3288,https://www.americanexpress.com/es-ar/rewards/membership-rewards/getcatalogimage.mtw?productid=34649091&catalogid=132097&languageid=es_ar&imagetype=master1,Nespresso,Coffee Break,142.600 puntos
DG99-3293,Nespresso Gran Lattissima Black — 197.400 puntos,Nespresso Gran Lattissima Black,in stock,new,1.00 ARS,https://www.americanexpress.com/es-ar/rewards/membership-rewards/award/Nespresso/DG99-3293/DG99-3293,https://www.americanexpress.com/es-ar/rewards/membership-rewards/getcatalogimage.mtw?productid=34650371&catalogid=132097&languageid=es_ar&imagetype=master1,Nespresso,Coffee Break,197.400 puntos
DG99-3220,Remington Secador de pelo — 13.800 puntos,Remington Secador de pelo,in stock,new,1.00 ARS,https://www.americanexpress.com/es-ar/rewards/membership-rewards/award/Remington/DG99-3220/DG99-3220,https://www.americanexpress.com/es-ar/rewards/membership-rewards/getcatalogimage.mtw?productid=34573315&catalogid=132097&languageid=es_ar&imagetype=master1,Remington,Cuidado Personal y Bienestar,13.800 puntos
DG99-3224,Smart Life Mixer — 16.700 puntos,Smart Life Mixer,in stock,new,1.00 ARS,https://www.americanexpress.com/es-ar/rewards/membership-rewards/award/Smart-Life/DG99-3224/DG99-3224,https://www.americanexpress.com/es-ar/rewards/membership-rewards/getcatalogimage.mtw?productid=34605059&catalogid=132097&languageid=es_ar&imagetype=master1,Smart Life,Pequeños Electro,16.700 puntos
DG99-3227,Black & Decker Plancha a vapor — 19.400 puntos,Black & Decker Plancha a vapor,in stock,new,1.00 ARS,https://www.americanexpress.com/es-ar/rewards/membership-rewards/award/Black-Decker/DG99-3227/DG99-3227,https://www.americanexpress.com/es-ar/rewards/membership-rewards/getcatalogimage.mtw?productid=34605827&catalogid=132097&languageid=es_ar&imagetype=master1,Black & Decker,Pequeños Electro,19.400 puntos
DG99-3231,Oster Mini chopper — 20.800 puntos,Oster Mini chopper,in stock,new,1.00 ARS,https://www.americanexpress.com/es-ar/rewards/membership-rewards/award/Oster/DG99-3231/DG99-3231,https://www.americanexpress.com/es-ar/rewards/membership-rewards/getcatalogimage.mtw?productid=34606851&catalogid=132097&languageid=es_ar&imagetype=master1,Oster,Pequeños Electro,20.800 puntos
DG99-3233,Oster Pava eléctrica — 21.800 puntos,Oster Pava eléctrica,in stock,new,1.00 ARS,https://www.americanexpress.com/es-ar/rewards/membership-rewards/award/Oster/DG99-3233/DG99-3233,https://www.americanexpress.com/es-ar/rewards/membership-rewards/getcatalogimage.mtw?productid=34607363&catalogid=132097&languageid=es_ar&imagetype=master1,Oster,Pequeños Electro,21.800 puntos
DG99-3235,SmartLife Tostadora — 24.200 puntos,SmartLife Tostadora,in stock,new,1.00 ARS,https://www.americanexpress.com/es-ar/rewards/membership-rewards/award/SmartLife/DG99-3235/DG99-3235,https://www.americanexpress.com/es-ar/rewards/membership-rewards/getcatalogimage.mtw?productid=34607875&catalogid=132097&languageid=es_ar&imagetype=master1,SmartLife,Pequeños Electro,24.200 puntos
DG99-3239,Black & Decker Mixer 3 en 1 — 27.200 puntos,Black & Decker Mixer 3 en 1,in stock,new,1.00 ARS,https://www.americanexpress.com/es-ar/rewards/membership-rewards/award/Black-Decker/DG99-3239/DG99-3239,https://www.americanexpress.com/es-ar/rewards/membership-rewards/getcatalogimage.mtw?productid=34591491&catalogid=132097&languageid=es_ar&imagetype=master1,Black & Decker,Pequeños Electro,27.200 puntos
DG99-3242,Black & Decker Licuadora — 30.600 puntos,Black & Decker Licuadora,in stock,new,1.00 ARS,https://www.americanexpress.com/es-ar/rewards/membership-rewards/award/Black-Decker/DG99-3242/DG99-3242,https://www.americanexpress.com/es-ar/rewards/membership-rewards/getcatalogimage.mtw?productid=34592259&catalogid=132097&languageid=es_ar&imagetype=master1,Black & Decker,Pequeños Electro,30.600 puntos
DG99-3246,Black & Decker Freidora de aire 4L — 32.000 puntos,Black & Decker Freidora de aire 4L,in stock,new,1.00 ARS,https://www.americanexpress.com/es-ar/rewards/membership-rewards/award/Black-Decker/DG99-3246/DG99-3246,https://www.americanexpress.com/es-ar/rewards/membership-rewards/getcatalogimage.mtw?productid=34666243&catalogid=132097&languageid=es_ar&imagetype=master1,Black & Decker,Pequeños Electro,32.000 puntos
DG99-3247,Kitchenaid Miniprocesador de alimentos — 32.300 puntos,Kitchenaid Miniprocesador de alimentos,in stock,new,1.00 ARS,https://www.americanexpress.com/es-ar/rewards/membership-rewards/award/Kitchenaid/DG99-3247/DG99-3247,https://www.americanexpress.com/es-ar/rewards/membership-rewards/getcatalogimage.mtw?productid=34666499&catalogid=132097&languageid=es_ar&imagetype=master1,Kitchenaid,Pequeños Electro,32.300 puntos
DG99-3249,Black & Decker Procesadora — 33.800 puntos,Black & Decker Procesadora,in stock,new,1.00 ARS,https://www.americanexpress.com/es-ar/rewards/membership-rewards/award/Black-Decker/DG99-3249/DG99-3249,https://www.americanexpress.com/es-ar/rewards/membership-rewards/getcatalogimage.mtw?productid=34667011&catalogid=132097&languageid=es_ar&imagetype=master1,Black & Decker,Pequeños Electro,33.800 puntos
DG99-3250,Oster Mixer Kit — 34.000 puntos,Oster Mixer Kit,in stock,new,1.00 ARS,https://www.americanexpress.com/es-ar/rewards/membership-rewards/award/Oster/DG99-3250/DG99-3250,https://www.americanexpress.com/es-ar/rewards/membership-rewards/getcatalogimage.mtw?productid=34667267&catalogid=132097&languageid=es_ar&imagetype=master1,Oster,Pequeños Electro,34.000 puntos
DG99-3260,Black & Decker Licuadora — 41.600 puntos,Black & Decker Licuadora,in stock,new,1.00 ARS,https://www.americanexpress.com/es-ar/rewards/membership-rewards/award/Black-Decker/DG99-3260/DG99-3260,https://www.americanexpress.com/es-ar/rewards/membership-rewards/getcatalogimage.mtw?productid=34669827&catalogid=132097&languageid=es_ar&imagetype=master1,Black & Decker,Pequeños Electro,41.600 puntos
DG99-3261,Black & Decker Licuadora Performance — 45.000 puntos,Black & Decker Licuadora Performance,in stock,new,1.00 ARS,https://www.americanexpress.com/es-ar/rewards/membership-rewards/award/Black-Decker/DG99-3261/DG99-3261,https://www.americanexpress.com/es-ar/rewards/membership-rewards/getcatalogimage.mtw?productid=34670083&catalogid=132097&languageid=es_ar&imagetype=master1,Black & Decker,Pequeños Electro,45.000 puntos
DG99-3290,Kitchenaid Batidora — 152.200 puntos,Kitchenaid Batidora,in stock,new,1.00 ARS,https://www.americanexpress.com/es-ar/rewards/membership-rewards/award/Kitchenaid/DG99-3290/DG99-3290,https://www.americanexpress.com/es-ar/rewards/membership-rewards/getcatalogimage.mtw?productid=34649603&catalogid=132097&languageid=es_ar&imagetype=master1,Kitchenaid,Pequeños Electro,152.200 puntos
DG99-3252,JBL Auriculares Tune Buds — 34.500 puntos,JBL Auriculares Tune Buds,in stock,new,1.00 ARS,https://www.americanexpress.com/es-ar/rewards/membership-rewards/award/JBL/DG99-3252/DG99-3252,https://www.americanexpress.com/es-ar/rewards/membership-rewards/getcatalogimage.mtw?productid=34667779&catalogid=132097&languageid=es_ar&imagetype=master1,JBL,TV y Audio,34.500 puntos
DG99-3264,Philips Torre de sonido — 53.800 puntos,Philips Torre de sonido,in stock,new,1.00 ARS,https://www.americanexpress.com/es-ar/rewards/membership-rewards/award/Philips/DG99-3264/DG99-3264,https://www.americanexpress.com/es-ar/rewards/membership-rewards/getcatalogimage.mtw?productid=34670851&catalogid=132097&languageid=es_ar&imagetype=master1,Philips,TV y Audio,53.800 puntos
DG99-3269,JBL Auriculares JBL Tune Flex — 63.200 puntos,JBL Auriculares JBL Tune Flex,in stock,new,1.00 ARS,https://www.americanexpress.com/es-ar/rewards/membership-rewards/award/JBL/DG99-3269/DG99-3269,https://www.americanexpress.com/es-ar/rewards/membership-rewards/getcatalogimage.mtw?productid=34672131&catalogid=132097&languageid=es_ar&imagetype=master1,JBL,TV y Audio,63.200 puntos
DG99-3280,JBL Parlante — 101.500 puntos,JBL Parlante,in stock,new,1.00 ARS,https://www.americanexpress.com/es-ar/rewards/membership-rewards/award/JBL/DG99-3280/DG99-3280,https://www.americanexpress.com/es-ar/rewards/membership-rewards/getcatalogimage.mtw?productid=34647043&catalogid=132097&languageid=es_ar&imagetype=master1,JBL,TV y Audio,101.500 puntos
DG99-3289,"Samsung Smart TV 50"" Crystal UHD 4K — 150.800 puntos","Samsung Smart TV 50"" Crystal UHD 4K",in stock,new,1.00 ARS,https://www.americanexpress.com/es-ar/rewards/membership-rewards/award/Samsung/DG99-3289/DG99-3289,https://www.americanexpress.com/es-ar/rewards/membership-rewards/getcatalogimage.mtw?productid=34649347&catalogid=132097&languageid=es_ar&imagetype=master1,Samsung,TV y Audio,150.800 puntos
DG99-3291,"Samsung Smart TV 55"" — 166.800 puntos","Samsung Smart TV 55""",in stock,new,1.00 ARS,https://www.americanexpress.com/es-ar/rewards/membership-rewards/award/Samsung/DG99-3291/DG99-3291,https://www.americanexpress.com/es-ar/rewards/membership-rewards/getcatalogimage.mtw?productid=34649859&catalogid=132097&languageid=es_ar&imagetype=master1,Samsung,TV y Audio,166.800 puntos
DG99-2889,"Philips Smart TV 65"" — 543.400 puntos","Philips Smart TV 65""",in stock,new,1.00 ARS,https://www.americanexpress.com/es-ar/rewards/membership-rewards/award/Philips/DG99-2889/DG99-2889,https://www.americanexpress.com/es-ar/rewards/membership-rewards/getcatalogimage.mtw?productid=34070275&catalogid=132097&languageid=es_ar&imagetype=master1,Philips,TV y Audio,543.400 puntos
DG99-3248,Samsung Galaxy Fit3 — 33.200 puntos,Samsung Galaxy Fit3,in stock,new,1.00 ARS,https://www.americanexpress.com/es-ar/rewards/membership-rewards/award/Samsung/DG99-3248/DG99-3248,https://www.americanexpress.com/es-ar/rewards/membership-rewards/getcatalogimage.mtw?productid=34666755&catalogid=132097&languageid=es_ar&imagetype=master1,Samsung,Tecno,33.200 puntos
DG99-3254,Amazon Fire TV Stick 4K Amazon 2 GEN — 35.400 puntos,Amazon Fire TV Stick 4K Amazon 2 GEN,in stock,new,1.00 ARS,https://www.americanexpress.com/es-ar/rewards/membership-rewards/award/Amazon/DG99-3254/DG99-3254,https://www.americanexpress.com/es-ar/rewards/membership-rewards/getcatalogimage.mtw?productid=34668291&catalogid=132097&languageid=es_ar&imagetype=master1,Amazon,Tecno,35.400 puntos
DG99-3276,Amazon Echo Show 5 Blanco — 84.500 puntos,Amazon Echo Show 5 Blanco,in stock,new,1.00 ARS,https://www.americanexpress.com/es-ar/rewards/membership-rewards/award/Amazon/DG99-3276/DG99-3276,https://www.americanexpress.com/es-ar/rewards/membership-rewards/getcatalogimage.mtw?productid=34646019&catalogid=132097&languageid=es_ar&imagetype=master1,Amazon,Tecno,84.500 puntos
DG99-3285,Amazon Kindle 16GB Gen 11 — 120.000 puntos,Amazon Kindle 16GB Gen 11,in stock,new,1.00 ARS,https://www.americanexpress.com/es-ar/rewards/membership-rewards/award/Amazon/DG99-3285/DG99-3285,https://www.americanexpress.com/es-ar/rewards/membership-rewards/getcatalogimage.mtw?productid=34648323&catalogid=132097&languageid=es_ar&imagetype=master1,Amazon,Tecno,120.000 puntos
DG99-3292,Apple Apple TV 4K — 177.900 puntos,Apple Apple TV 4K,in stock,new,1.00 ARS,https://www.americanexpress.com/es-ar/rewards/membership-rewards/award/Apple/DG99-3292/DG99-3292,https://www.americanexpress.com/es-ar/rewards/membership-rewards/getcatalogimage.mtw?productid=34650115&catalogid=132097&languageid=es_ar&imagetype=master1,Apple,Tecno,177.900 puntos
DG99-3294,Sony Consola PlayStation 5 — 229.000 puntos,Sony Consola PlayStation 5,in stock,new,1.00 ARS,https://www.americanexpress.com/es-ar/rewards/membership-rewards/award/Sony/DG99-3294/DG99-3294,https://www.americanexpress.com/es-ar/rewards/membership-rewards/getcatalogimage.mtw?productid=34650627&catalogid=132097&languageid=es_ar&imagetype=master1,Sony,Tecno,229.000 puntos
DG99-3223,Volf Set x 6 copas 520 cc — 16.500 puntos,Volf Set x 6 copas 520 cc,in stock,new,1.00 ARS,https://www.americanexpress.com/es-ar/rewards/membership-rewards/award/Volf/DG99-3223/DG99-3223,https://www.americanexpress.com/es-ar/rewards/membership-rewards/getcatalogimage.mtw?productid=34604803&catalogid=132097&languageid=es_ar&imagetype=master1,Volf,Vajilla,16.500 puntos
DG99-3229,Volf Set x 6 vasos ultra fino — 19.500 puntos,Volf Set x 6 vasos ultra fino,in stock,new,1.00 ARS,https://www.americanexpress.com/es-ar/rewards/membership-rewards/award/Volf/DG99-3229/DG99-3229,https://www.americanexpress.com/es-ar/rewards/membership-rewards/getcatalogimage.mtw?productid=34606339&catalogid=132097&languageid=es_ar&imagetype=master1,Volf,Vajilla,19.500 puntos
DG99-3245,Volf Juego de cubiertos 24 piezas — 31.700 puntos,Volf Juego de cubiertos 24 piezas,in stock,new,1.00 ARS,https://www.americanexpress.com/es-ar/rewards/membership-rewards/award/Volf/DG99-3245/DG99-3245,https://www.americanexpress.com/es-ar/rewards/membership-rewards/getcatalogimage.mtw?productid=34665987&catalogid=132097&languageid=es_ar&imagetype=master1,Volf,Vajilla,31.700 puntos
